{"groups":[{"keys":"checkbox_select_disabled_png,checkbox_select_down_png,checkbox_select_up_png,checkbox_unselect_png,selected_png,border_png,header_png,radiobutton_select_disabled_png,radiobutton_select_down_png,radiobutton_select_up_png,radiobutton_unselect_png,roundthumb_png,thumb_png,track_png,tracklight_png,handle_png,off_png,on_png,button_down_png,button_up_png,thumb_pb_png,track_pb_png,track_sb_png,description_json,checkbox_select_disabled2_png,checkbox_select_down2_png,checkbox_select_up2_png,checkbox_unselect2_png,gameEui_json,组 38_png,组 39_png,矩形 21_png,beer_json,beer_png,congratulation_json,congratulation_png,dog_json,dog_png,shake_json,shake_png,小狗_png,继续摇_png,graf_json,graf_png,未标题-2_png,2019_bg_png,组 51_png","name":"preload"}],"resources":[{"url":"config/description_7278fcbf.json","type":"json","name":"description_json"},{"url":"gameEui_734006fa.json","type":"json","name":"gameEui_json"},{"url":"texture/beer_44501b9b.json","type":"json","name":"beer_json"},{"url":"texture/beer_573a38d5.png","type":"image","name":"beer_png"},{"url":"texture/congratulation_19cec880.json","type":"json","name":"congratulation_json"},{"url":"texture/congratulation_33a37424.png","type":"image","name":"congratulation_png"},{"url":"texture/dog_663cce2c.json","type":"json","name":"dog_json"},{"url":"texture/dog_58f5d2a7.png","type":"image","name":"dog_png"},{"url":"texture/shake_65c66131.json","type":"json","name":"shake_json"},{"url":"texture/shake_20ee91ea.png","type":"image","name":"shake_png"},{"url":"texture/graf_1e7d5a9b.json","type":"json","name":"graf_json"},{"url":"texture/graf_766b5e1e.png","type":"image","name":"graf_png"},{"url":"packs0/preload-0sheet_6bd0b716.json","type":"sheet","name":"preload-0sheet","subkeys":"继续摇_png,组 51_png,组 39_png,组 38_png,矩形 21_png,未标题-2_png,小狗_png,tracklight_png,track_sb_png,track_png,track_pb_png,thumb_png,thumb_pb_png,selected_png,roundthumb_png,radiobutton_unselect_png,radiobutton_select_up_png,radiobutton_select_down_png,radiobutton_select_disabled_png,on_png,off_png,header_png,handle_png,checkbox_unselect_png,checkbox_unselect2_png,checkbox_select_up_png,checkbox_select_up2_png,checkbox_select_down_png,checkbox_select_down2_png,checkbox_select_disabled_png,checkbox_select_disabled2_png,button_up_png,button_down_png,border_png,2019_bg_png"}]}