{"frames":{"小狗_png":{"x":1,"y":1,"w":362,"h":435,"offX":6,"offY":17,"sourceW":375,"sourceH":459},"继续摇_png":{"x":365,"y":1,"w":362,"h":130,"offX":8,"offY":7,"sourceW":375,"sourceH":143},"2019_bg_png":{"x":729,"y":1,"w":284,"h":95,"offX":0,"offY":0,"sourceW":282,"sourceH":93},"未标题-2_png":{"x":729,"y":98,"w":183,"h":97,"offX":0,"offY":0,"sourceW":181,"sourceH":95},"border_png":{"x":365,"y":133,"w":179,"h":49,"offX":0,"offY":0,"sourceW":177,"sourceH":47},"组 51_png":{"x":914,"y":98,"w":85,"h":98,"offX":4,"offY":0,"sourceW":87,"sourceH":96},"组 38_png":{"x":365,"y":197,"w":370,"h":11,"offX":0,"offY":0,"sourceW":368,"sourceH":9},"矩形 21_png":{"x":365,"y":210,"w":370,"h":11,"offX":0,"offY":0,"sourceW":368,"sourceH":9},"组 39_png":{"x":365,"y":184,"w":227,"h":11,"offX":0,"offY":0,"sourceW":225,"sourceH":9},"on_png":{"x":546,"y":133,"w":67,"h":29,"offX":0,"offY":0,"sourceW":65,"sourceH":27},"off_png":{"x":615,"y":133,"w":67,"h":29,"offX":0,"offY":0,"sourceW":65,"sourceH":27},"thumb_png":{"x":684,"y":133,"w":27,"h":27,"offX":0,"offY":0,"sourceW":25,"sourceH":25},"checkbox_select_disabled_png":{"x":684,"y":162,"w":25,"h":25,"offX":0,"offY":0,"sourceW":23,"sourceH":23},"checkbox_select_disabled2_png":{"x":594,"y":164,"w":25,"h":25,"offX":0,"offY":0,"sourceW":23,"sourceH":23},"checkbox_unselect2_png":{"x":621,"y":164,"w":25,"h":25,"offX":0,"offY":0,"sourceW":23,"sourceH":23},"handle_png":{"x":648,"y":164,"w":25,"h":25,"offX":0,"offY":0,"sourceW":23,"sourceH":23},"checkbox_unselect_png":{"x":737,"y":197,"w":25,"h":25,"offX":0,"offY":0,"sourceW":23,"sourceH":23},"checkbox_select_up2_png":{"x":764,"y":197,"w":25,"h":25,"offX":0,"offY":0,"sourceW":23,"sourceH":23},"checkbox_select_up_png":{"x":791,"y":197,"w":25,"h":25,"offX":0,"offY":0,"sourceW":23,"sourceH":23},"checkbox_select_down_png":{"x":818,"y":197,"w":25,"h":25,"offX":0,"offY":0,"sourceW":23,"sourceH":23},"checkbox_select_down2_png":{"x":845,"y":197,"w":25,"h":25,"offX":0,"offY":0,"sourceW":23,"sourceH":23},"radiobutton_unselect_png":{"x":872,"y":197,"w":24,"h":24,"offX":0,"offY":0,"sourceW":22,"sourceH":22},"radiobutton_select_disabled_png":{"x":898,"y":198,"w":24,"h":24,"offX":0,"offY":0,"sourceW":22,"sourceH":22},"radiobutton_select_down_png":{"x":924,"y":198,"w":24,"h":24,"offX":0,"offY":0,"sourceW":22,"sourceH":22},"radiobutton_select_up_png":{"x":950,"y":198,"w":24,"h":24,"offX":0,"offY":0,"sourceW":22,"sourceH":22},"selected_png":{"x":1001,"y":98,"w":18,"h":18,"offX":0,"offY":0,"sourceW":16,"sourceH":16},"button_down_png":{"x":1001,"y":118,"w":18,"h":18,"offX":0,"offY":0,"sourceW":16,"sourceH":16},"button_up_png":{"x":1001,"y":138,"w":18,"h":18,"offX":0,"offY":0,"sourceW":16,"sourceH":16},"header_png":{"x":1001,"y":158,"w":18,"h":18,"offX":0,"offY":0,"sourceW":16,"sourceH":16},"track_pb_png":{"x":1015,"y":1,"w":8,"h":8,"offX":0,"offY":0,"sourceW":6,"sourceH":6},"track_png":{"x":1015,"y":11,"w":8,"h":8,"offX":0,"offY":0,"sourceW":6,"sourceH":6},"thumb_pb_png":{"x":1015,"y":21,"w":8,"h":8,"offX":0,"offY":0,"sourceW":6,"sourceH":6},"roundthumb_png":{"x":1015,"y":31,"w":8,"h":8,"offX":0,"offY":0,"sourceW":6,"sourceH":6},"track_sb_png":{"x":1015,"y":41,"w":8,"h":8,"offX":0,"offY":0,"sourceW":6,"sourceH":6},"tracklight_png":{"x":1015,"y":51,"w":8,"h":8,"offX":0,"offY":0,"sourceW":6,"sourceH":6}},"file":"preload-0sheet_54cfabb9.png"}